TILEID,TARGETID,VI_selection,DELTACHI2,Z
80669,39627797433427265,0,96.72030610218644,0.33307944893788055
80694,39633565805183123,0,33.20943919569254,0.37311977062673124
80694,39633563666089365,0,24.140303567051888,1.2024878591429913
80694,39633565104736918,0,51.67833350598812,0.9755841963747806
80694,39633563649313175,0,385.212129086256,0.6848456295636016
80694,39633565809379351,0,63.21030277386308,0.9216774633264029
80694,39633564395900057,0,232.58042510412633,0.43717726349458974
80694,39633559538893210,0,314.41277865692973,0.709248400730874
80694,39633567101224726,0,157.40426874905825,0.8486185753245694
80694,39633565117320348,0,307.19093948602676,1.0211747659843153
80694,39633567097030300,0,70.91968540847301,0.8136120739970153
80694,39633567097031324,0,43.41804198920727,0.8623047768813262
80694,39633560436474015,0,645.5672814272111,-0.00017607759581859028
80694,39633567692621983,0,18.684615269303322,1.0388148297700992
80694,39633567696815000,0,742.7555388212204,1.2899098214917164
80694,39633561287917860,0,464.55547533617937,8.240433898033637e-05
80694,39633563666089894,0,22.73786540236324,0.27238360750161245
80694,39633565117318311,0,90.445398170501,0.6729458848527704
80694,39633565784211496,0,19.014563024044037,0.6527299862099473
80694,39633560432281129,0,261.7155224531889,1.083280529663223
80694,39633565788408745,0,182.32589333096803,4.124054208370137e-05
80694,39633565800989355,0,134.58245780318975,0.7023830203887904
80694,39633566459494699,0,693.5903399884701,0.6453208140799997
80694,39633567092836143,0,23.08407580666244,0.6955866412252713
80694,39633567709397266,0,3218.3043541908264,0.9220545457558236
80694,39633566455301521,0,382.8560081124306,0.7812188154044968
80694,39633562890145290,0,70.75325730695295,-0.00016734036197511265
80694,39633567084447369,0,274.75412011146545,1.3567810553934383
80692,39632929936114358,0,178.9608952663839,1.0812879888234839
80692,39632929948697916,0,26.60682111978531,0.5777109850117531
80692,39632945178216893,0,204.0534041778992,-0.0013844106147606811
80692,39632950253322429,0,381.18974927067757,0.7225131047728874
80692,39632940136664000,0,268.1321865171194,0.6769627459823215
80692,39628511337514818,0,706.7547563500702,0.8932115798345176
80692,39628506157550019,0,280.7207152545452,1.0643058915101806
80692,39628500977586372,0,48.38849390090036,-0.0006783147321932837
80692,39628526776747464,0,15396.280502289534,0.08858398327664821
80692,39632950236548693,0,1638.750570565462,0.7301624166546231
80692,39628516517481817,0,312.21697703003883,0.9493207232889043
80694,39633560415503283,0,526.2066394676931,-0.00023195211440815743
80692,39628521663889627,0,97.94617503136396,0.5832179069602971
80692,39628500990169570,0,279.32822228223085,0.7480094675755353
80692,39632945194992235,0,127.61779288947582,0.991009152478542
80692,39628516483927027,0,525.4221816323698,0.8469797481041246
80692,39632929936116852,0,140.1808701902628,0.937472808896544
80692,39632940136664308,0,137.53899186104536,0.5007155236783657
80692,39632950232352632,0,1092.033335775137,1.1591222705969624
80692,39628526793527421,0,100.40825960971415,0.6751482046480709
80693,39633567055087997,0,413.98799216747284,0.5571492710280248
80694,39633567084446467,0,22.438539147377014,1.1436809626236688
80694,39633561237588229,0,82.62768503278494,0.7085474881768815
80694,39633566442719878,0,417.59760144352913,1.279088216177194
80692,39628516496509916,0,242.66273291409016,0.9987892258387
80692,39628511341708086,0,268.62292274832726,0.8986127574353207
80694,39633562898532915,0,250.96575945615768,0.8423216911509294
80694,39633560428086842,0,190.9958860464394,0.8076510858109969
80694,39633567696815224,0,83.146020591259,1.3081831997725766
80694,39633567084446847,0,206.39209587872028,0.6624651467929396
80700,39632940388320773,0,499.0437381118536,0.7812283365829621
80700,39632950530146827,0,202.411355830729,0.8547229995660629
80700,39628506476316684,0,485.9376414641738,0.7262127343726898
80700,39632950534343575,0,466.268304258585,0.8313169806011065
80700,39632940413485593,0,141.48692700266838,0.8150608923833524
80700,39628501266990236,0,192.88549742102623,0.778735600952056
80700,39632930229719071,0,658.0292927324772,0.485626975466993
80700,39632940421875232,0,112.9823791757226,0.8589892933822906
80700,39632955571701665,0,1073.8257643431425,0.8778721608350214
80700,39632945476011682,0,145.4210491925478,0.869042088266175
80700,39628506459538467,0,78.37972210347652,0.6833453793413209
80700,39632940388322724,0,388.1327846199274,0.8973778018702976
80700,39632950534342179,0,50.35975866019726,0.7827089690834075
80700,39632940421875751,0,747.9434622228146,0.6804982036392732
80700,39632950538536701,0,103.13271067291498,0.9129837129369938
80700,39632930229716140,0,34.599982688203454,0.9284760268387515
80700,39632945463428012,0,39.82592175900936,0.3358960340898618
80700,39632955571703213,0,256.0080721527338,0.885926201230008
80700,39628521902967344,0,2914.5425415039062,1.2747509040677076
80700,39632945455041589,0,336.7618642002344,1.0419787705883397
80700,39632950521758907,0,594.5380573533475,1.0504871703900251
80694,39633562894338683,0,267.3054718375206,0.8689416379109561
80694,39633567101224570,0,375.1870800703764,0.8232639784625673
80694,39633567071865720,0,421.8102362602949,0.7064751231592853
80694,39633567692622579,0,39.47180539369583,0.8986591573390782
80694,39633560432280249,0,29.98348267003894,0.6764385887732075
80694,39633562852393020,0,1765.890055179596,0.22674199378361384
80694,39633564395898302,0,39.80321350693703,0.6713759352502058
80694,39633562894337217,0,21.356739404029213,0.07135717267924778
80694,39633559555673413,0,733.3702356548965,-0.0003573876359306301
80694,39633565125706183,0,15.759018167853355,0.7524874366236894
80694,39633566438524104,0,119.62176176905632,0.7099788366672465
80694,39633565796795594,0,15.706528894603252,0.6445943870264694
80694,39633566446913488,0,115.15337324142456,0.851109579613647
80694,39633559547284305,0,129.0157506135729,8.349999568484457e-05
80694,39633565800989649,0,28.443470327183604,0.750047017188235
80694,39633561254364473,0,114.34722984582186,0.8839639596293701
80694,39633567692620881,0,301.71766133606434,0.5122448555190157
80694,39633567092836057,0,19.074985295534134,0.8202604235734373
80694,39633567692620895,0,47.27153395116329,0.8174889683193313
80694,39633565805184738,0,107.40132956206799,0.45152837965241
80694,39633560432281446,0,148.79468192532659,0.7561568055895882
80694,39633561258557926,0,188.49484222754836,0.8350501918559777
80694,39633561271140987,0,307.97799541801214,0.8692228557902316
80694,39633562080641132,0,496.3576166033745,0.791448865692817
80694,39633567701008493,0,193.02681064605713,1.2891149247288096
80694,39633565805186414,0,79.56525510008214,-6.472752822829495e-05
80694,39633564404288368,0,581.8355721011758,0.6898908787258793
80694,39633566459494770,0,209.98671601712704,0.7152078176441253
80694,39633566442718425,0,56.43914617225528,0.7139557906493109
80700,39632960592284157,0,1254.205648779869,0.3497768661654527
80692,39632935036388021,0,287.7885942235589,0.9695492413903093
80692,39628521634533805,0,576.0647077411413,0.6682134509641648
80622,39632930170996863,0,269.61683494597673,0.7974367332889288
80688,39628339563988454,0,108.2695996016264,0.737710650264904
80688,39628294831737071,0,60.38825921714306,0.9315814618968397
80688,39628328436499701,0,158.29954381287098,0.7398096538935379
80688,39628339559795705,0,676.024280577898,0.5736148144360309
80688,39628317292237306,0,337.56757541000843,0.9248931291612271
80688,39628334010732031,0,684.0309774894267,0.7116106915655462
80690,39628506132384640,0,17.466475721514144,0.7852897246986037
80690,39632960256738432,0,2020.5387079715729,1.1582721507333513
80690,39632950194604677,0,22.28560222685337,0.9134700035431641
80690,39628506119800071,0,324.67145082354546,0.9216384482826109
80690,39628500927250951,0,407.05298183113337,0.7819018204444254
80690,39632950198796808,0,175.56782688200474,0.8019080994299886
80690,39632945119497867,0,110.18658509850502,0.4286900854764169
80690,39628516421013644,0,370.6751198172569,0.9462109799872565
80690,39628511270406158,0,282.09436221420765,0.9381045087116426
80690,39632940077940879,0,76.12921695411205,0.6821229905449743
80690,39632929881589497,0,134.42578591406345,0.9220721522896319
80690,39632945132080661,0,383.3433791399002,1.0019265038010543
80690,39632950169436182,0,331.3161719609052,0.6908212530987214
80690,39632945144662684,0,335.41373589634895,1.0212156573433515
80690,39632955223576220,0,470.54119423776865,0.5883240484528789
80690,39628511299767840,0,136.52679081261158,0.9644133581688504
80688,39628294848516068,0,32.8404837846756,0.9558068128812944
80688,39628345104666211,0,49.75309485197067,0.6302535973054738
80688,39628339559794914,0,89.37864223412907,0.6306859208872967
80688,39628289228146016,0,138.76050047203898,0.7933057397700288
80688,39628334002341405,0,272.85915118455887,0.9194479380092199
80688,39628334014922909,0,119.93236578255892,0.7224750996080945
80688,39628294827542687,0,319.00003142654896,0.7612321610878078
80688,39628328457474079,0,156.98311483860016,0.7224803156223267
80688,39628294856904740,0,259.26151184437003,-0.00013155530668695678
80688,39628311676064935,0,130.58739028126,0.6671473886037972
80688,39628289219757864,0,15.054820440709591,0.5577328895106453
80688,39628317292236716,0,347.9982796907425,0.3709360842557318
80688,39628322862272560,0,52.29934065416455,0.47888503700629315
80688,39628306093443899,0,30.59641383588314,0.8880775304251636
80688,39628345108857662,0,730.5128817558289,1.1497836190792063
80690,39628511295573153,0,1022.3716222498697,0.5245806252789957
80688,39628345104666175,0,208.85826298594475,0.6325903909434529
80688,39628317296430665,0,537.910691998899,0.6484288424565472
80688,39628322866464969,0,223.70517294853926,1.1208566312764352
80688,39628311713811788,0,114.9027538895607,0.8194925735968553
80688,39628289215563469,0,482.31205021589994,0.8339573219326861
80688,39628294856904016,0,803.8231659829617,0.7733872507477396
80688,39628294852708818,0,225.04542534053326,0.976318837709807
80688,39628328453278931,0,178.1294740140438,0.6927972447081393
80688,39628339568183892,0,73.9311170578003,0.8066077168390593
80688,39628311692840920,0,80.71332815364622,0.0001026671059866404
80688,39628300447912152,0,719.180795538974,0.0001562969006548078
80688,39628283570030683,0,109.29444625973701,0.561366701397197
80688,39628289186205120,0,220.7005360648036,0.8890962995891182
80692,39632950257516847,0,231.57726627588272,0.8329762837051305
80690,39628516421013800,0,310.6081232726574,0.9457815824216185
80690,39632950182019114,0,216.15851690620184,1.1920933230034372
80690,39632940086331632,0,449.7008912861347,0.8723342990205312
80690,39628516421011569,0,4909.700804789711,4.467980734982752e-05
80690,39628511287185522,0,3140.1897932887077,1.3360865988594717
80690,39632950186215795,0,60.74033038318157,0.6932336189765709
80690,39632950182019700,0,377.35813304781914,1.193260618110769
80690,39628506098828790,0,646.9256706237793,0.7734546060159714
80690,39628516441981561,0,33.08148939907551,0.7366859320511152
80690,39628511299765498,0,133.63740969449282,0.7655623911630831
80690,39632950190407804,0,364.0255736298859,0.5309811292241571
80690,39628500931445630,0,194.51303070783615,1.0272461110349003
80692,39628516525867398,0,353.00114595144987,0.9486601195868598
80692,39628526789331207,0,36.2269157525152,0.7592403738832989
80692,39632945203380366,0,516.1369578391314,0.8264769548270133
80692,39632945199186063,0,263.1969167664647,0.989180457640248
80692,39628521647115028,0,397.61312473076396,0.8078412284064238
80692,39632945169829268,0,161.56111897528172,0.9123812100893115
80692,39628526759970844,0,82.73693480715156,0.357067571481619
80692,39628526785135773,0,861.3618093281984,1.0698472268991217
80692,39628511341710239,0,321.96885241381824,0.8950220273005142
80692,39628501006945318,0,148.63799299299717,0.910421848303948
80692,39628511329127337,0,705.1351286321878,0.6863549993423417
80692,39628526793525546,0,531.5824490338564,1.0254769244967927
80692,39628516496508203,0,716.2530314773321,0.644037066157836
80690,39628516416819439,0,263.6695583984256,0.8931145394862491
80690,39632945127884776,0,615.8439851999283,0.6738098178002409
80690,39628526697055079,0,149.66425076127052,0.45776212735180744
80690,39628506132384744,0,308.1062873750925,0.8035620603136582
80690,39628516425205165,0,244.834893406658,0.0003554559522410974
80690,39632929885785391,0,694.5181107744575,0.2421875936950103
80690,39628526739000756,0,182.9376817792654,0.8631357291825277
80690,39628526692860981,0,693.5233790129423,0.4401784634469528
80690,39628511266211518,0,313.0787950903177,0.6677860733139024
80690,39632945132080319,0,293.6586409090087,0.6898079321761902
80690,39632945132078528,0,16.123600885272026,0.28438846401551604
80690,39632940086330049,0,494.9871435696259,0.08748394412918682
80690,39632950169439426,0,356.5726908892393,0.41040892016432107
80690,39632950182020802,0,717.5830215960741,1.194157755993311
80690,39632955227767362,0,814.8077873997827,1.1940267224184409
80690,39632960256738345,0,162.12818676419556,0.6532384290296392
80690,39632940061164869,0,179.902581974864,0.7000168524409787
80690,39628521605171271,0,216.0473215803504,0.9393799663970172
80690,39632940056971976,0,517.6687890589237,0.7444826601071227
80690,39628521571616467,0,37.146398440003395,0.4814128236246589
80690,39628521584197844,0,427.8610788062215,0.7025913163646722
80690,39632945115303253,0,743.4751412123442,0.8282417358038596
80690,39632929889979734,0,308.14817129820585,0.9459136863558575
80690,39632950169437399,0,1429.9260480701923,0.7519181675350939
80690,39632960260933981,0,129.35967472195625,0.6801272062399563
80690,39632960252546684,0,1768.868909890316,0.34363560695963086
80690,39628521609364578,0,691.2899155318737,0.48292886164726184
80690,39628521580005095,0,460.9896773695946,0.8369273345207378
80690,39628511291381319,0,182.99741925299168,0.4791999380195228
80700,39628516811080136,0,629.9508219510317,0.889388870962004
80700,39628516773331789,0,195.3885182067752,0.922593257460612
80700,39628501283767886,0,900.6389646828175,0.5425682914998915
80607,39633354923970547,0,649.0701828896999,1.0383422289627158
80620,39633457881547770,0,416.6159912273288,0.9292683355053251
80620,39633440299024643,0,1168.4905833005905,0.7992735540152637
80620,39633457894130435,0,63.834367483854294,0.8653585898211026
80620,39633455444659462,0,101.48111334443092,0.49972733455181567
80620,39633447982989450,0,269.56936118006706,0.9404994957688622
80620,39633455457242127,0,873.2062129080296,0.24009665930955298
80620,39633447974603793,0,602.5618450641632,0.930251225224798
80620,39633445420270868,0,30.631948307156563,0.8244338669861262
80620,39633457885743640,0,78.01743534207344,0.9530448023782214
80620,39633429729380634,0,446.61680357424484,-0.0001550306974746997
80620,39633429725186844,0,233.25324535369873,0.9009795274351313
80620,39633445441243804,0,512.2507696356624,1.0788970493465362
80620,39633452990989342,0,105.47429965436459,0.6648715800830554
80620,39633450495381153,0,222.5987429022789,0.8411332659407779
80620,39633450486992675,0,43.51337202638388,0.5214215102130915
80620,39633455432075174,0,257.7600127272308,0.9294529049758388
80620,39633432401150887,0,908.8610939830542,0.7162195086904174
80620,39633435047755822,0,446.04658768326044,0.8053548798167954
80620,39633447987183918,0,654.6597521454096,0.3133090080157671
80620,39633437706944818,0,280.83404253423214,0.9133856985527488
80620,39633453003571252,0,44.79624159261584,0.6919571956031725
80620,39633452982601018,0,181.94941414892673,0.9719565271864151
80607,39633341690940914,0,23.181061992421746,0.26165793972126006
80607,39633324632705520,0,1082.6202534511685,1.128328235732286
80607,39633331502977001,0,164.452080629766,0.8275218448076124
80607,39633354919773159,0,509.6370630003512,0.5643600952427641
80607,39633351652411241,0,300.3898080289364,0.5204815884178703
80607,39633324641092981,0,154.18800214111252,8.576245738074276e-05
80607,39633324632703350,0,62.02767559885979,0.919591919227542
80607,39633338335497080,0,401.3283347785473,0.8290557105150712
80607,39633341657386884,0,278.7858805991709,0.7016100608949644
80607,39633314155335056,0,312.4634160660207,1.033411446969105
80607,39633338318720405,0,644.9503038525581,0.6682645238409262
80607,39633317665964438,0,247.60532769560814,0.7712531394662276
80607,39633331544917404,0,603.3193904459476,0.744077806110469
80607,39633338310328732,0,8264.958057880402,0.0373510226837176
80607,39633314163722146,0,882.2417288310826,0.8079086151338315
80620,39633453003572283,0,124.5016547292471,0.42832007319446214
80607,39633351627244965,0,695.2257253229618,0.7508905378490628
80607,39633341661579182,0,13269.614003472765,0.2722378634242111
80607,39633351652410288,0,804.4213129580021,0.7742893670187388
80607,39633338297749937,0,126.7141332551837,0.562971761566481
80607,39633338322911682,0,849.7027268186212,1.044352979148877
80607,39633345025410498,0,1633.270736247301,0.7013752654913018
80607,39633341678354886,0,111.62439493834972,0.8081023043606722
80607,39633348330522062,0,130.23219560167126,-0.0002710241859419899
80607,39633338318717393,0,1280.5507857725024,0.844662806292188
80607,39633321180795357,0,354.319826066494,0.45979894806985605
80607,39633341678355421,0,1093.598770186305,1.2582069508434588
80607,39633321151433703,0,131.47531720995903,0.7313509388511457
80607,39633354919776684,0,1761.5347298830748,0.7611836399242644
80607,39633317674354022,0,427.20939745008945,0.8623744663655761
80620,39633440332580412,0,92.4715203102678,0.6673216370670105
80620,39633437706945218,0,206.6101497951895,0.7351678445456061
80620,39633447957823871,0,185.71853791177273,0.7145416427014564
80622,39632945392126980,0,483.5779755413532,0.9841202595543399
80622,39628506409208719,0,298.57987543195486,1.0141192459537005
80622,39632930166801819,0,325.37402142584324,0.6867407783484113
80622,39628521877803039,0,311.4118355959654,0.9739515773874455
80622,39628521890385444,0,163.08899343013763,1.0034998066891343
80622,39632930179386537,0,389.61972265224904,0.9931714610926355
80622,39628521844249515,0,172.52180027030408,0.8174500374835303
80622,39632950463037615,0,44.7712513692677,0.9512564777299328
80622,39628511564007476,0,473.99525758624077,0.8278719931642111
80622,39628521890383679,0,25.435567811131477,1.035698735407155
80622,39632930166801093,0,1134.1969214081764,0.4797182146935088
80622,39628521890384968,0,147.25704683363438,0.7858742590570844
80622,39632955508788298,0,18.737841852009296,0.551239098079979
80622,39632930162609236,0,394.67946968227625,0.930588490811225
80622,39628521852633941,0,189.75753263011575,0.7025038672561603
80622,39632940354766041,0,16.17065344005823,0.8095801081849302
80622,39632950463038044,0,15.567186929285526,0.9458912843327918
80622,39632950458847071,0,465.5472421348095,0.9745009692767601
80622,39628521852634976,0,293.4142616689205,0.7111965573748555
80622,39632950463037925,0,81.57069125771523,0.7106745708432792
80622,39628526994852604,0,52.5908038888756,0.0001509159681878558
80622,39628521856830718,0,137.87600320577621,0.9305860197333777
80620,39633429712604029,0,337.76667588949203,0.9821724867112195
80620,39633455440465786,0,33.143340829759836,0.9448690569838326
80620,39633455453046774,0,235.24988660216331,0.9492097214708908
80620,39633437715334513,0,23.144862946122885,0.6101856481333969
80620,39633445424466882,0,26.033494543284178,0.27232578742491426
80620,39633452982601923,0,16.247941739857197,0.6333479165595077
80620,39633437719529157,0,943.004797399044,0.8115486773236747
80620,39633429725184839,0,232.47499886155128,1.161431833415954
80620,39633445458020680,0,183.086708933115,0.8755140241150179
80620,39633457889935690,0,169.26620203256607,0.9753032957124382
80620,39633457885742284,0,72.56129402998704,-0.0015105494459214973
80620,39633440311608270,0,533.4082679748535,0.6804246530443915
80620,39633450503768015,0,191.53009133785963,1.1842362478682882
80620,39633448003963901,0,47.431567502098915,-0.0002457952609799018
80620,39633437719529683,0,480.7940794676542,0.9181107333040546
80620,39633455440464065,0,21.22917242423864,0.6522299796164602
80620,39633452978406612,0,886.3816205263138,0.7275114107788286
80620,39633440324191705,0,175.10348513815552,0.7241167295240089
80620,39633427045025882,0,764.6679311692715,0.5965928381295481
80620,39633447987183965,0,223.67763973027468,0.9193144730757474
80620,39633429729379807,0,179.44546612352133,0.7367187280991302
80620,39633448003963235,0,610.5890569090843,0.1979566033478501
80620,39633452990991715,0,81.78062424063683,0.6575879619466769
80620,39633452986796389,0,47.760166861116886,0.9468716891190455
80620,39633437719528040,0,148.84831507131457,0.7727814598392562
80620,39633450499572841,0,21.477922551333904,0.2918980726093522
80620,39633457885743210,0,336.2911704778671,1.0205283418581617
80620,39633457885743598,0,47.45008350908756,1.0190726791902445
80620,39633445453827288,0,178.0448216497898,0.4996932167889446
80607,39633345025412961,0,443.7333251237869,0.6983461698977071
80607,39633314146945375,0,23.54092700779438,0.6086139045932963
80607,39633341699328337,0,441.2167346701026,0.7120797376210004
80712,39633318764872002,0,67.75990914925933,1.2486728161275358
80712,39633297365535174,0,70.04185056686401,1.2589115104314599
80712,39633290059056360,0,696.9212427139282,0.9626821038427955
80712,39633290063250921,0,290.82733863033354,0.7435351395379062
80712,39633318756483914,0,237.41826333105564,0.8094317331686621
80712,39633282685470797,0,205.6419997215271,0.8260168368037033
80712,39633301006191989,0,41.42330491542816,0.7814615923316734
80712,39633311726830645,0,113.47594877704978,0.5206272485549205
80712,39633318756483351,0,321.81981302052736,0.8869946905872544
80712,39633308153283514,0,140.08644423633814,0.6360297582197283
80712,39633293708100415,0,190.85463271290064,0.7373209112146436
80607,39633341678358025,0,1054.0886882133782,0.8777185435258475
80607,39633324624315924,0,278.4067405462265,0.9913872326797971
80607,39633341665772572,0,130.5525666102767,0.707847934977833
80607,39633338322913314,0,2744.725037366152,0.4851318212598177
80607,39633334912944163,0,952.5794041454792,0.8022267450032957
80607,39633317678548005,0,1397.7664797008038,0.7623684903436826
80607,39633324641095721,0,739.1357083022594,1.0172657656785358
80607,39633341674160682,0,400.5907424092293,1.126089650197352
80607,39633345029605930,0,273.9537052065134,0.7119431155790134
80607,39633341653193267,0,245.26392752677202,0.7733840722365064
80607,39633331511362105,0,1656.6072328686714,0.7926183152765434
80607,39633324662066748,0,771.0120033165185,-3.0347900511667238e-05
80712,39633293708100962,0,171.14497830718756,0.7461114196163418
80711,39633267653086707,0,94.0079181343317,0.3935662456079079
80707,39628411701825240,0,29.020178576931357,0.2891847354695149
80707,39628422518935146,0,719.9996023327112,1.281790500623393
80700,39632940409292497,0,235.43700674921274,0.8405273289588583
80700,39632945450846163,0,78.65858631581068,0.5178863880837997
80700,39628506459538773,0,317.13892102986574,0.45718135229609996
80700,39632940417682389,0,148.96732967346907,0.6640006657761667
80700,39628521915550300,0,334.0933847427368,0.40957685732683397
80700,39628501296350045,0,83.45059426873922,0.7261403531012369
80700,39632945484401244,0,106.42218799889088,0.8903199050132282
80700,39632930217132895,0,263.9781696163118,0.6662105945545977
80700,39632945488596349,0,124.38448894023895,0.6541851171856043
80700,39632955559119454,0,594.9279585629702,1.0048231476818534
80700,39628506446958690,0,204.94932710379362,0.6224525978053316
80607,39633338322911804,0,996.0241400003433,0.714057854072756
80700,39632935313211618,0,213.90311904251575,0.6679130562390904
80700,39632945459235052,0,234.28147011250257,0.75725525244246
80700,39632935329988973,0,124.05439182370901,0.6191874502830433
80700,39632945480205165,0,122.3586699962616,0.7461370981333049
80700,39632955571700461,0,28.908131778240204,0.7751057871976429
80700,39628511643700980,0,349.45371060073376,0.7797936282239346
80700,39628511626922229,0,377.17859922349453,1.0192342293522716
80700,39632945459233660,0,276.96674558520317,0.8958982702907841
80700,39632940413486589,0,311.3883584141731,1.1239227443827196
80700,39632955563311742,0,73.19226795434952,1.1927259564904453
80700,39628521953298943,0,155.7942915149033,0.665156037132944
80705,39627805926888426,0,156.16313073039055,1.010303320634699
80700,39628506472124388,0,37.395965337753296,0.6129760124706539
80607,39633348347301446,0,919.5167885106057,0.7950827435411152
80607,39633317670158927,0,1158.2195661216974,0.8084854861652806
80607,39633321184986723,0,790.347351372242,0.7905698328291868
80607,39633351652410601,0,142.55701899528503,0.7757591926354201
80607,39633341669966582,0,635.2004848197103,0.8735285122574341
80607,39633345033800439,0,308.68684789538383,1.0400318378236366
80607,39633317665967870,0,954.0839788549492,0.47078888736686253
80607,39633345046381321,0,29.15700225532055,0.5996948218901293
80607,39633334917138698,0,932.5229937881231,0.6652809492832124
80607,39633358170361611,0,876.2708088457584,0.9726126702376923
80607,39633341690940174,0,479.09764694422483,0.9505728503170527
80607,39633321180792079,0,40.74874734133482,0.4838738013580223
80607,39633338318721303,0,137.13895139284432,0.6964558562456249
80607,39633328109785369,0,1950.201606169343,0.5952216022817294
80607,39633348355689698,0,669.0605195388198,1.0422946238222461
80607,39633348343105820,0,53.42067601811141,0.5381251299634315
80607,39633345025409314,0,8247.28116941452,0.4854557772862843
80607,39633338327109412,0,411.9386943280697,0.6630988313116853
80607,39633338306135335,0,2581.133746892214,0.20652454779896812
80607,39633341678356265,0,286.26001876592636,0.9192594488584264
80607,39633354911386934,0,358.62553200498223,0.9719420195056439
80607,39633351631440190,0,232.08264172822237,0.7027672346479937
80607,39633345037995328,0,665.7830283716321,0.8042544433224527
80607,39633338289358145,0,447.8525652308017,0.7562985132669824
80607,39633331540724547,0,510.07583855092525,0.9042131273896667
80607,39633351635636042,0,775.209002494812,0.9709436752418823
80607,39633324649483596,0,667.8273653686047,0.7644149728295779
80607,39633321155628834,0,305.3791856393218,0.8093022122565654
80688,39628339563988120,0,3291.887725830078,0.9194816514331225
80607,39633331549110498,0,290.56685277819633,0.6990482464780876
80607,39633348351492320,0,540.8776116387999,-0.0002548846229836637
80607,39633354915578470,0,2747.745325922966,0.9742031777784879
80607,39633328072032360,0,405.3897793925353,2.396097880604798e-05
80607,39633328105586793,0,1044.8311941362917,0.8804000751534412
80607,39633324653678700,0,230.87571235001087,1.1306038976311377
80607,39633331523948144,0,698.9227487444878,0.20310193211096245
80607,39633328105588853,0,929.097049869597,0.8446552426153796
80607,39633345042190967,0,266.7498863339424,0.6024185680069954
80607,39633351635634323,0,2874.722117304802,0.9743652087760188
80607,39633351639829651,0,556.9773985743523,0.8947764390228867
80607,39633331532337303,0,686.1972287297249,0.8182007251369539
80607,39633338306134168,0,249.3919571340084,0.9162754596840372
80607,39633354911386848,0,33.89872606098652,0.9634528164055878
80607,39633338318718117,0,1901.7948526484724,-4.821685624866628e-05
80607,39633351652409517,0,205.77589670568705,0.9086268844692786
80607,39633331540724922,0,110.97663640975952,0.8389200170713886
80607,39633334954885308,0,628.852501899004,0.9306161639095439
80607,39633351644025020,0,450.1309938877821,0.8626554299862484
80607,39633348351496387,0,390.9641808271408,0.8509306524106919
80607,39633348343106247,0,25.069464966654778,0.5372501760900431
80607,39633358174552265,0,870.0084792077541,0.9732661252827463
80607,39633328072033994,0,117.71613001823425,0.755410708632877
80607,39633348338911434,0,835.4011101424694,0.8534812890905429
80607,39633348359883982,0,568.435208208859,0.5616219010835272
80607,39633334954886357,0,66.72038672864437,0.8032775410175504
80607,39633358174552741,0,352.141289498657,0.868093563281583
80688,39628294827541397,0,200.44317497313023,0.9843486407105734
80688,39628317288042086,0,206.11180165037513,0.7674187719840562
80688,39628294835933067,0,536.9571263790131,0.9644248596136273
80678,39633043006162160,0,382.6845016181469,0.9631923905308039
80678,39633085146335989,0,1634.724094569683,0.9222222252455893
80678,39633080545182974,0,544.8418762256006,-4.2162774935748106e-05
80678,39633052481099020,0,59.693649247288704,0.5584375920460262
80678,39633085146335519,0,74.57621943205595,0.6034763163871619
80678,39633038203684143,0,439.0990045365579,2.233314341216686e-05
80678,39633075881116469,0,270.31281766295433,0.7467959022522748
80678,39633085133755701,0,242.9318849146366,0.6308974811831707
80678,39633075897894202,0,101.54276514053345,0.3274838332954959
80678,39633080536794441,0,344.8089462816715,0.8649184911348146
80678,39633066573958882,0,643.6023943573236,0.6541959923134801
80678,39633080520017750,0,22.423444349318743,0.18037541635959914
80678,39633052447543644,0,149.2038952857256,0.6057555809368929
80678,39633080532602721,0,835.6407898812704,8.082257334275598e-06
80678,39633075902090105,0,612.4376706557578,-1.3961234232301834e-05
80678,39633043001971583,0,234.54829109087586,0.645385234563752
80678,39633047754116993,0,160.02041959762573,0.8957910407229972
80678,39633075902089091,0,378.7000738083025,4.6585802903903806e-05
80678,39633052460127636,0,406.49783854186535,0.5882220439031567
80678,39633042989386647,0,298.16323948279023,0.6274120565095209
80678,39633043001968033,0,104.4276517506205,-0.0001100661851207931
80678,39633071225444259,0,18.236243963241577,0.4996918729862816
80678,39633052447542616,0,209.08102416992188,0.533798139390101
80678,39633043010358189,0,468.17873622104526,0.9359382085064154
80678,39633033434764509,0,56.89398764073849,0.7583230790724085
80678,39633066594928343,0,510.3466973230243,0.789969202250758
80678,39633075881118766,0,38.500024325214326,0.6142704687998946
80678,39633047754116150,0,330.9637039080262,0.6286505209954889
80678,39633057182910527,0,871.6985117197037,1.144452076777458
80678,39633052493682252,0,755.9474594667554,0.7447403667453663
80678,39633042964220496,0,353.62446841597557,0.7055864200043394
80678,39633071246411856,0,393.9867128978276,-0.00022899319592765898
80678,39633085150528607,0,359.2040544748306,1.2355339942194015
80678,39633042997776993,0,938.6711498647928,0.8131725486808977
80678,39633047720558707,0,104.51747448928654,0.5693629955086934
80678,39633047758308477,0,267.1862987205386,0.7429027606916475
80678,39633080540987612,0,41.2689326107502,0.9726695961744782
80678,39633071258995333,0,285.59441271424294,0.5722113803276649
80678,39633085158919323,0,736.290269886631,3.9692489389456205e-05
80678,39633038241431711,0,249.42436660826206,0.9586377705977841
80678,39633066578152104,0,448.1552883426375,8.187884093994419e-05
80678,39633085150528171,0,359.84533161786567,-1.6267244923835033e-05
80678,39633071246409909,0,304.357388317585,0.7098189153579625
80678,39633080545185470,0,443.1177424788475,0.7347237178923562
80678,39633057216465599,0,286.06595158576965,0.7398994875252312
80678,39633043010357962,0,440.002390247535,1.2087055949961506e-05
80678,39633038233045707,0,162.64833127707243,0.9690968696979592
80678,39633071225443018,0,266.3858026306443,-2.7577009570508764e-05
80678,39633042997776523,0,272.0258913896978,1.1067802345231335
80678,39633080524215731,0,3415.0787231326103,0.45794078211650313
80678,39633042964224436,0,318.330996403829,0.00027771250467903923
80678,39633085146334139,0,456.1263953447342,0.9743333047404771
80680,39633161088401498,0,413.741255030036,0.7214512361331242
80680,39633186585579097,0,52.243722796440125,1.0357571758900577
80680,39633156743105121,0,910.256999887526,0.8204031747308987
80680,39633182399660148,0,144.58958948031068,0.9060949638907759
80680,39633186585579124,0,233.23861074447632,0.9431234520694421
80680,39633169669951609,0,1172.8085347786546,0.7870788415172999
80680,39633139319964801,0,262.7287687882781,0.6619821773663916
80680,39633143707206284,0,965.3646523430943,0.4866081387910422
80680,39633178146636431,0,339.9504137635231,0.8500083963814649
80680,39633161067431059,0,19.49097939580679,0.7590418801972418
80680,39633156785047129,0,345.3155769109726,1.0010914143362517
80680,39633169657367700,0,257.26264971494675,0.4624265318448198
80680,39633143719789724,0,255.61507742665708,0.759688125355074
80680,39633173939752096,0,676.894629092887,0.8734865021160336
80680,39633178159220412,0,583.3426264896989,0.9089805163916785
80680,39633143698821315,0,211.2396373525262,0.8336738408998774
80680,39633152443944137,0,188.16204169392586,0.6167508719931453
80680,39633143690429644,0,293.9529435262084,0.5464510131957384
80680,39633152435552462,0,482.4254251408911,0.9660597758971072
80680,39633139324162778,0,472.9206771850586,0.47824659409370035
80680,39633139324161258,0,321.715290182281,7.362572544058483e-05
80680,39633161084208875,0,400.251143284142,0.6728980662910814
80680,39633152418778780,0,691.5652794997332,0.5183416737085674
80680,39633156768268368,0,571.7612445440755,1.0371989991369426
80680,39633182370300494,0,312.1520125865936,1.1900883491067826
80680,39633143707209292,0,167.8223672695458,0.7214573616874201
80678,39633057195495868,0,362.08940835203975,0.7156411275551884
80678,39633033422176711,0,573.7894260659814,0.5809370064026269
80678,39633066590734282,0,1566.6148646473885,0.36786080947870414
80678,39633052455928781,0,162.11760644614697,0.8343284346404078
80678,39633071250605005,0,268.30840004980564,0.9169807498337537
80678,39633075876926938,0,49.004971876740456,0.8828121446278211
80678,39633033417987048,0,259.409912899735,-0.00010639242672993682
80678,39633033417985518,0,379.8726068660617,0.9414551682231893
80678,39633085146336760,0,327.4591485261917,0.9751598429857142
80679,39633094449303394,0,266.6823372244835,1.1329458162788688
80679,39633089873314986,0,429.78326399489924,0.00035201327224506523
80679,39633103571914425,0,519.3526187539101,0.8696140894790856
80680,39633156772465153,0,296.55314810574055,0.7066887329865906
80680,39633182395468809,0,477.1515868580427,-9.262103835567322e-05
80680,39633156789242385,0,6560.062241703272,0.13161811017833558
80680,39633178163416607,0,1092.184676527977,0.18742885807889215
80680,39633161096793128,0,184.90796598792076,0.6664624068410654
80680,39633139324158506,0,244.02204997837543,0.7882596044925285
80680,39633161080016943,0,204.374098950997,0.5933560710587585
80680,39633156785045553,0,354.80213962867856,0.8567521978778281
80688,39628306089250319,0,140.35053545981646,0.5696466632401226
80680,39633139298996286,0,241.66326837986708,0.9176365979876573
80680,39633161096790078,0,761.9748322246196,0.5400097428676752
80678,39633038237238314,0,145.4452312309295,1.1394614905562501
80680,39633169674142445,0,206.9495867602527,0.7574268091300538
80678,39633057203883554,0,105.42872732132673,0.5929686004503072
80678,39633066573957645,0,225.42861960828304,0.9134970365903428
80676,39633211277444171,0,355.1306317895651,0.8471370951822624
80676,39633219385036875,0,27.32739759236574,0.5227993442037647
80676,39633207192194639,0,535.3576232716441,0.5763192122246972
80676,39633186438777942,0,472.58197320997715,0.8095309198349222
80676,39633231389132899,0,1023.9496904984117,0.8372480066704377
80676,39633186430386294,0,19.063653856515884,1.1449002850513847
80676,39633223386398840,0,360.27958358824253,0.7439676214795968
80676,39633190620497019,0,435.0828348772993,0.6324751626554699
80676,39633198954581120,0,357.7226077914238,0.8495460878002193
80676,39633211264860803,0,188.84601268172264,0.7604770404812262
80676,39633223419955272,0,123.83894696531934,-0.0001585497529965934
80676,39633194789635717,0,182.73641443252563,0.7379941957789954
80676,39633203069194391,0,95.0124268889449,-0.0002951938938551799
80676,39633219368256155,0,269.9635320454836,0.5469239130815992
80676,39633215320754852,0,260.48194095492363,0.5853817933353904
80676,39633198946189479,0,315.5975121855736,0.6160383479886821
80676,39633219368257704,0,533.3659782409668,0.7969202857462778
80676,39633231393326247,0,651.9554576575756,0.8780795413779845
80676,39633211252281002,0,171.42572239041328,0.3525508389473772
80676,39633211264860338,0,498.6738667488098,0.5150905186967355
80676,39633231389133492,0,225.8800165595676,-1.9709421894595662e-05
80676,39633194760278714,0,865.9864423556901,2.1106315501229984e-05
80676,39633223415762578,0,185.16200056485832,0.6456508624055902
80676,39633190637274810,0,205.42210792005062,0.7206418495939991
80676,39633219368259652,0,177.23088603839278,0.8273030390992796
80676,39633190633083965,0,700.8158942312002,1.0516165021900385
80669,39627785378989871,0,23.573455028235912,0.5215700093246951
80669,39627779347579375,0,87.22682711482048,1.2683409056259551
80669,39627785341245306,0,134.77809715270996,0.698469716071119
80673,39627312336997831,0,32.56386556345933,0.0003519919023064565
80673,39627300953659693,0,32.69772535562515,1.144236762924568
80673,39627306632741746,0,38.99990698695183,1.071906766222274
80673,39627335120459931,0,8996.778587930246,0.883098898612309
80673,39627318032863357,0,204.318519729155,-3.771547022766732e-06
80675,39633178016617386,0,1792.4433140009642,1.1531796952967865
80675,39633147943453390,0,159.97805397212505,1.007968146981964
80676,39633231389135936,0,598.8775548934937,0.6414784858752681
80675,39633173767784406,0,304.52031353116035,0.6446125140883276
80676,39633207162833920,0,620.3316147774458,0.7534640651373868
80676,39633203044027906,0,108.21285054087639,0.7219209140901404
80676,39633219393422857,0,359.59840336441994,0.44733222608326195
80676,39633198916832267,0,334.61795680224895,0.7233635162497112
80676,39633190637277206,0,230.0552301928401,0.6095662591261275
80676,39633223407370780,0,15.413991905748844,0.6799131453755625
80676,39633235369529377,0,69.12235260009766,0.9345580676543563
80676,39633190633082915,0,83.25679192692041,0.6807139645350658
80676,39633231397523495,0,481.7619936466217,1.289139964102255
80676,39633231397521964,0,59.974380016326904,1.226013758215555
80675,39633152271979990,0,310.6311657294118,-1.5856513694727094e-05
80676,39633231418496196,0,130.25862729549408,1.009302302167751
80676,39633235373722315,0,817.1027511954308,0.5994221917065825
80676,39633223415759052,0,553.5513440817595,0.6534563203534023
80676,39633207150252419,0,18.804449200630188,0.6760105920908931
80676,39633190612111749,0,389.12491700053215,0.7530200002252114
80676,39633190616304019,0,447.6125786602497,0.5475776078692894
80676,39633231389134750,0,688.2990516498685,0.8829305590346548
80676,39633219359867304,0,1555.1900127232075,1.0568403982928005
80676,39633186426197422,0,273.4146169424057,0.9139838144226228
80676,39633227421324206,0,676.7214545160532,0.5966634320513742
80676,39633227408739775,0,317.68706192821264,0.9467176230699789
80676,39633227412931521,0,77.83038733154535,0.7393991605618779
80676,39633211239699912,0,253.84215335547924,0.9585491547961896
80676,39633215329141634,0,305.82081837952137,0.7508226735591691
80676,39633227408737228,0,379.91364132612944,0.8143595213021793
80676,39633231389135321,0,1008.0731368586421,0.8044345226743153
80676,39633223403178988,0,212.75024043023586,0.8619274117009988
80676,39633227429710830,0,135.2735050469637,0.670168485217609
80676,39633219359870456,0,194.9409687238258,-9.058250165802855e-05
80677,39633028649058410,0,495.5329719632864,0.314614098911221
80677,39632999523812913,0,76.48702461796165,-0.0001815629590190154
80677,39633028665840274,0,215.05373208224773,0.8878739202792104
80677,39633028657447996,0,1329.9767573590634,6.665084750540302e-05
80677,39632974819365246,0,112.99884497034509,2.6682493489247892e-05
80678,39633071233828865,0,195.5286802276969,0.6183088075105372
80676,39633227429708244,0,314.22015154217297,2.024350984543591e-05
80676,39633231393325941,0,76.94266797229648,0.3759846196587705
80676,39633207188000627,0,69.66661031544209,0.7965757949296018
80676,39633223394787697,0,895.5486496016383,0.7040060079860297
80676,39633207162836705,0,192.48341848046766,7.011630804006277e-05
80676,39633231393325288,0,1771.4566481113434,0.8396595847064926
80676,39633207158640368,0,597.0644782781601,0.661946971668104
80676,39633186434584817,0,75.74471381306648,0.6818918188893525
80676,39633231397520116,0,211.35578706860542,0.8396353372420541
80676,39633186422001909,0,468.2937604139879,5.732804013174317e-05
80676,39633215324947708,0,2403.8790024369955,0.3498798219678665
80676,39633219368260360,0,203.05495768785477,0.8618123156288239
80676,39633190628890382,0,69.5660635754466,0.6671444682947201
80676,39633207162834706,0,228.9739948939532,0.9293829803977768
80676,39633223415762207,0,801.6079965531826,0.6440797315708277
80676,39633219385037602,0,133.13918232917786,0.9127852155551592
80676,39633231393328934,0,142.04256820738374,7.588238709626764e-05
80676,39633190616307502,0,747.7060123756528,1.0936721867957155
80676,39633215324950830,0,103.19421873986721,1.024794420400098e-05
80676,39633198912639288,0,643.0793630923872,-1.9400715472604045e-05
80676,39633198937804602,0,212.757450863719,0.654810462809364
80676,39633203039834962,0,179.16886633634567,0.8485199778676071
80676,39633231405910363,0,229.13963117450476,0.80847581110397
80676,39633203069193052,0,24.631577373282198,0.004625041196916239
80676,39633198925221221,0,556.0020141154528,0.809403350504101
80676,39633219372453230,0,1016.1400764405844,0.7316198901206185
80676,39633203085969776,0,310.71962574124336,0.7927831119121963
80678,39633042972610577,0,286.1001229286194,0.8965228525800631
80680,39633178171802352,0,154.78713793307543,0.679642252462657
80680,39633152448136253,0,1714.4497097632557,0.00023440620692367084
80680,39633165391760627,0,4834.621587663889,0.4034344212342279
80682,39628505972998234,0,76.75859916955233,0.9142912456486418
80682,39632944968502490,0,186.19952907413244,0.8772173571841916
80680,39633173939751153,0,341.3692852175154,0.8558441161446173
80682,39632929738983134,0,280.1792481970042,0.657237880190427
80682,39628511148775135,0,451.64955923333764,0.8203492280838656
80682,39628511131992927,0,302.0488568767905,0.6294356391607487
80682,39628500788840673,0,135.39841374754906,0.7126552099332109
80682,39632939918557537,0,628.9000341296196,0.6679313895363835
80682,39628500793037795,0,92.45038272440434,0.7414593394584035
80682,39628526588005731,0,284.0830843440199,0.00021014988946167589
80682,39628500776259800,0,219.5453538671136,0.5021519316387728
80682,39632944968502879,0,523.8599939960986,0.787003539415447
80682,39628495596291303,0,393.6624121591449,1.1832718384300418
80682,39632950031024876,0,99.09552918374538,0.6708575417188081
80682,39628505960419950,0,514.3353424668312,1.112979830662005
80682,39632955097746926,0,428.7636147774756,1.0909774140930981
80682,39628521454176498,0,545.0439366400242,0.8081177956662344
80682,39632939914366963,0,176.34177248179913,0.9457303696267972
80682,39628526550253812,0,893.5580748580396,0.8971964185165039
80682,39632955085162738,0,226.40236044302583,0.7153428229341742
80682,39632955085164020,0,89.17542866617441,0.41958806793859554
80682,39628511161356414,0,392.63835313916206,0.9195420445839108
80682,39632955097743713,0,102.20203377306461,0.8721334130591772
80682,39628511131992191,0,3539.4484842270613,0.4606764483774558
80682,39632934856034772,0,236.88938909024,0.7564555873556741
80682,39632945002053707,0,214.34721990674734,0.6334964731191922
80682,39632934839257379,0,81.91667242348194,0.9460626462352518
80682,39632950043607203,0,1012.0358593463898,0.974641032880988
80682,39632955089356836,0,282.28297244757414,0.6956534821694491
80682,39632929730592935,0,249.57248693704605,0.928443454606761
80682,39628500780450857,0,34.61042259633541,1.0017323483878422
80682,39628511131995177,0,180.5346145927906,0.5860955213010158
80682,39632960118325933,0,163.41875368356705,0.9190119236908546
80682,39632939922751790,0,259.3383827507496,0.8998621568966861
80682,39632944976890415,0,191.4920268021524,1.0969581608233099
80682,39632955085163055,0,49.485116578638554,1.3511749170661462
80682,39632944976890495,0,545.3521052226424,0.7214426137015152
80682,39628521420620081,0,708.1624951660633,0.7402450996826626
80682,39628516320350005,0,32.52592448890209,0.48545003341420306
80682,39632934839257782,0,650.6928906738758,0.7382839203936556
80682,39632934830868663,0,327.61312967538834,0.8917922692665614
80682,39632945014636599,0,90.52319003641605,0.9553239943344293
80682,39632934830869435,0,839.9337930381298,0.7201140918333879
80682,39632934843451323,0,26.551697805523872,0.798260314226654
80682,39628500797230655,0,379.0751524499101,0.00017596257699935744
80682,39628521466761025,0,143.43870070576668,0.5105893195172504
80682,39628516311958084,0,900.7978189140558,0.6458488703065222
80682,39632929734788933,0,394.6809457121417,0.7211834504248212
80682,39632939926947123,0,337.6067745089531,0.8702833440384482
80683,39628121871223277,0,77.09140043632215,0.00016627274625887658
80683,39628168625133871,0,517.6459969638399,0.00026960307930930965
80684,39628220642886019,0,230.13319439283805,5.341177412658668e-05
80686,39632955051609492,0,53.83105098735541,0.7110007703322039
80686,39632994884913956,0,64.66634120047092,0.8927863935540946
80686,39632944985277861,0,1179.2271831929684,0.2297722215311213
80686,39632980083215147,0,1182.765089392662,1.0760344113026064
80686,39632994889106360,0,38.37435765564442,0.72768148751699
80686,39632985036687290,0,101.82569605112076,0.8178000707958367
80686,39632980062244026,0,193.49231981113553,0.7175434810363376
80686,39632989981770561,0,97.69905845820904,0.7341042323001788
80686,39632960118325570,0,119.99510087817907,1.006777960446911
80686,39632965109549507,0,47.17115439474583,0.4843267100608428
80686,39632989969188363,0,56.559917747974396,0.8888313296388611
80686,39632994889105859,0,62.04201558139175,0.8757707822770071
80686,39632960118329172,0,4898.93733678414,6.418265192127905e-05
80686,39632980079019222,0,35.53527316451073,0.6580764882114916
80686,39632985015715542,0,135.34441328700632,0.7450034279647167
80686,39632950047802715,0,77.1040305973911,3.2473885221797e-05
80686,39632989956606435,0,114.85051550529897,0.8860366710246879
80686,39632960114131182,0,551.7583514651833,5.307508242775654e-05
80686,39632994889106546,0,101.03838305175304,0.5912484760520291
80686,39632939905975420,0,1809.9130129641962,-1.9611320408946136e-05
80688,39628345104667264,0,563.7166958376765,0.48811856510768215
80688,39628306076669194,0,94.46258193627,0.5081690017019174
80686,39632989960799816,0,2294.306082725525,0.9072926439093788
80686,39632985015716872,0,36.72761008515954,0.7215588341177406
80686,39632985019911429,0,20.333732947707176,0.7534722891635982
80686,39632989952410372,0,237.92814776301384,0.8529240242179497
80684,39628209108551688,0,83.27468195557594,0.5794143548996963
80684,39628260643964041,0,61.16296911239624,1.136932306668841
80684,39628220626111882,0,164.19310869462788,0.9871454005338227
80684,39628214842168983,0,83.72809119522572,0.7416433385704568
80684,39628249252236326,0,74.526735316962,0.9295168296577005
80684,39628260643969958,0,29.300372838974,1.0916828064615298
80684,39628191790270635,0,86.47349677234888,0.6538099787157047
80684,39628191781880108,0,120.38548792153597,0.8074653860638037
80684,39628226372308914,0,18.776315286755562,1.105770772891512
80684,39628254964876861,0,23.922847986221313,0.2588770663189916
80684,39628197570025022,0,175.02255342155695,0.9073425068744739
80684,39628203345578049,0,710.8726606845848,-3.17345662847612e-05
80684,39628203349771844,0,189.24160566926003,0.9204843047670215
80684,39628209112747463,0,585.5917312204838,0.8777675026286361
80684,39628209112745180,0,305.9716789666563,0.78647862404677
80684,39628260639775329,0,61.24894368648529,1.2093839520512835
80684,39628226380699876,0,156.30601473152637,0.9934445732993205
80684,39628226376505196,0,45.48918825015426,0.6379185901644904
80684,39628254935519085,0,1167.940799921751,1.1963127174771016
80684,39628243547984374,0,31.45538281649351,0.8009297773596882
80684,39628209116943354,0,435.90842857956886,1.0504716804051741
80685,39632989906274424,0,173.9311154782772,1.286557051537656
80685,39632944922363337,0,2501.3028603494167,0.8659053531417072
80682,39628521466761248,0,4179.383567608893,1.2568781625544034
80682,39632929755759901,0,240.56052770465612,0.8505135111739887
80682,39628521466757724,0,856.0084253549576,0.6545423244397404
80682,39628516316154780,0,159.71137496829033,0.8648965055834079
80680,39633165374982592,0,221.1157379373908,0.8984271702298143
80680,39633165400149441,0,295.6342741474509,0.674145311311414
80682,39628516307767452,0,129.74923089891672,0.8715125043254032
80680,39633143703013315,0,33.244392178952694,0.5175480785299096
80680,39633161084209604,0,245.4971804022789,0.7349916254073979
80680,39633169657366473,0,3589.145119608009,-4.889720426282321e-05
80680,39633178150834656,0,413.41887253747336,-1.4657835820078968e-06
80680,39633178142444988,0,728.9005378484726,0.8525077496652677
80680,39633173906196461,0,403.44282652437687,0.72741244308095
80680,39633186589771774,0,401.7029784321785,0.8925006421258027
80681,39628526416040704,0,536.0870378054678,0.5698197480433785
80681,39628521324152306,0,812.7345728874207,0.6491183262982921
80681,39632954950946041,0,18.726202987134457,0.6611689003348167
80681,39628510981002652,0,245.31890404224396,0.6524698312258235
80682,39632934835061250,0,519.2633227854967,0.6627515413034077
80682,39628500788842895,0,87.11036000400782,0.8628091185481382
80680,39633182378691057,0,121.53546786308289,1.0510736235022091
80682,39632934830868623,0,554.7503620237112,0.826074395257556
80680,39633152414582192,0,167.26050103897796,-1.4901150896155079e-06
80680,39633152443941281,0,250.8733815550804,0.5654336587007778
80680,39633134907558134,0,131.9655834250152,0.058136410496251165
80680,39633186585578749,0,22.042974829673767,1.0462462155210865
80680,39633178180191001,0,524.5706222951412,1.0690324739304293
80680,39633178163413787,0,335.2810183688998,1.1069559505936295
80680,39633186589770035,0,9713.052225336432,0.2643762231738281
80680,39633161075819323,0,350.06326463259757,0.5512449519688368
80680,39633173927168846,0,128.28838251531124,0.7433190894321215
80680,39633161105181611,0,401.36780109256506,0.9983457766685618
80680,39633165383372113,0,180.7369034551084,0.9120493948114469
80680,39633143690429279,0,318.19739001989365,1.3705976182804174
80680,39633161071626602,0,239.3134242594242,0.8181316120297327
80680,39633173918780783,0,570.8217885303093,-0.00015694061374128102
80680,39633169653172093,0,325.0106537267566,0.7462475059258984
80680,39633186589771651,0,45.52692575752735,1.0056034755200247
80680,39633182387079044,0,98.86821120977402,0.9952360290019653
80680,39633173943943565,0,1780.7630973447813,0.4063699401990944
80680,39633178163414875,0,41.941393211483955,0.7450568800425222
80682,39632934860229136,0,101.97805398702621,0.47678932656339035
80623,39632955525563043,0,364.5324587523937,1.1230574096118644
80682,39632944997859988,0,103.02117591444403,0.6317736749770169
80682,39628526575422100,0,71.45195569097996,0.6547985220053529
80682,39632950035221137,0,349.40306306630373,0.8136240725135871
80682,39632944989470872,0,147.6871590986848,0.9030822667057796
80682,39632944968503055,0,57.32460635714233,0.08010830050177555
80682,39632929738985625,0,70.74336075782776,1.1116274932121695
80699,39628521852635706,1,24.931984985441886,1.685044949461137
80699,39632935275464733,1,15242.24744581501,1.4303534367987358
80680,39633186589770037,1,675.7060277462006,1.4532282934027692
80693,39633567046699524,1,14451.728075504623,1.9132523172984928
80700,39628516764944265,1,15.3340864777565,1.6277392947588825
80693,39633559492760035,1,15502.187102973461,1.9252846611835885
80678,39633066594930014,1,87.76822909712791,1.6393594774443465
80686,39632994889108877,1,7414.918145596981,5.18644879990283
80700,39632950521757836,1,4637.878856897354,1.555019686718174
80699,39628501233435274,1,62.90542933344841,1.667939399194268
80700,39632945467624726,1,51.525614354759455,1.542970533795197
80607,39633351639828480,1,36.807273387908936,1.655654916694833
80676,39633207187998254,1,20.070404648780823,1.6928821960720484
80707,39628417104086634,1,121.57178449630737,1.6681814616975876
80685,39632975058437038,1,4979.32864972949,1.5162819119266338
80678,39633080511633259,1,32.285037100315094,1.6895606655932682
80684,39628214850558038,1,20.65452655032277,1.5669785894309154
80700,39632950513370530,1,10256.55840677023,1.5006836371238814
80620,39633437715336116,1,53.89768201112747,1.4996747578757406
80712,39633315241657098,1,172.23249778151512,1.6767238452804651
80693,39633562047087667,1,1903.9710004329681,1.6362568111103148
80693,39633562839810345,1,19.364680156111717,1.543913230528671
80690,39632940065360515,1,30978.156648516655,1.746443957726875
80693,39633562810454152,1,3030.899167895317,4.6251281743488555
80684,39628203320410477,1,90591.73738861084,2.8043996822290658
80676,39633207150253719,1,4545.3874534368515,1.5331094888984464
80689,39632945081745941,1,2410.064843147993,1.6890997535825216
80684,39628249256432112,1,170.888165473938,1.685934738190285
80692,39632955282293948,1,5055.38565158844,1.518142634617657
80694,39633565792603456,1,47.28771787881851,1.6277275174988382
80693,39633559492756904,1,23733.38903069496,1.5409920035169684
80676,39633190620497955,1,91.11125588417053,1.5909520963972532
80620,39633445453825130,1,155.3806676864624,1.5337546961567603
80699,39632950484009608,1,688.7680604457855,1.6666051876730947
80684,39628197553246028,1,25.25519483536482,1.6749803761659992
80694,39633565775826680,1,30.14404135942459,1.6679229839740701
80694,39633565780017750,1,35.312491714954376,1.675968102873794
80673,39627295329095190,1,44.01024430687903,1.6559676011282587
80622,39628526986461395,1,1960.6493845353834,1.457196409598498
80673,39627295299739862,1,2696.881162457168,1.6629871384264747
80686,39632960122521072,1,661.1129067540169,1.402274433624309
80622,39632955508786136,1,461.69557202607393,1.5162574231461083
80678,39633057166137169,1,506.5653257369995,1.521975924041387
80678,39633071225444134,1,23.844064325094223,1.6553926528860468
80669,39627815557012511,1,42.94548791926354,1.6875355279159372
80694,39633559534700382,1,138859.41294932365,2.1547103267253553
80688,39628328440698649,1,31.469649448990822,1.6660807386152807
80622,39632930162609393,1,21348.443812787533,1.8042254107658653
80622,39628511568200569,1,1254.3802509307861,1.6801903969272434
80669,39627779318223106,1,904.4372940180037,1.6364313319631185
80622,39632960529369156,1,32.789723977446556,1.6445679419310966
80620,39633455444657771,1,230.96963721513748,1.6813748840227503
80622,39632955512980675,1,149.89687341451645,1.6484492284085976
80622,39628521852635706,1,17.637820601463318,1.6870146584259433
80699,39628511555619266,1,962.0909889936447,1.6867424104325304
80620,39633455457241589,1,33.893584087491035,1.6696178087399554
80682,39628521429009553,1,40.800955414772034,1.680915327783634
80676,39633223386402329,1,98.6825008392334,1.5279720591910089
80676,39633190624690703,1,43.3402441740036,1.6388889927724657
80686,39632994893300929,1,8807.712187975645,5.1863953088970804
80680,39633165374980798,1,119.73301327228546,1.6821372775795613
80694,39633564383317456,1,132.03200170397758,1.540602805706022
80694,39633563666090837,1,15471.588713929057,1.7141935653216651
80688,39628339551409202,1,1787.7643018988892,1.5387523718691858
80622,39628521873607080,1,23.53557974100113,1.4916352319813209
80694,39633565809377907,1,43.16399294137955,1.6556079833579413
80686,39632944993667670,1,48.18931536376476,1.693069261684227
80680,39633173931361994,1,1040.4316082121804,1.5031932894358166
80675,39633152301337733,1,54.350350096821785,1.6313233740048083
80673,39627335120459095,1,28.817698508501053,1.6803921013389533
80680,39633186577187729,1,15.62282957136631,1.681420585502166
80694,39633567701008809,1,92.60602223873138,1.6931845440293443
80712,39633293750043624,1,65.27217191457748,1.6902736668760663
80700,39628527040988659,1,61.35283672809601,1.6660335208183927
80676,39633227412936161,1,19.151799976825714,1.6555770668225125
80676,39633203044027868,1,9035.577649593353,1.4880125551318306
80607,39633317670161111,1,38693.921637535095,1.6385502115455381
80681,39632934713430648,1,422.948572576046,1.6362704935747159
80682,39632960114134122,1,133.69859506189823,5.905064370015763
80676,39633231397520882,1,417.2921153306961,1.6917625965452183
80678,39633052451735520,1,41.93967890739441,1.5430596730641226
80711,39633282660302938,1,419.58763474226,2.103400453341634
80681,39632944838478085,1,19075.896238297224,2.503362663905633
80690,39632950194603485,1,80.29366612434387,1.5916818926309675
80692,39632945203381785,1,102.22896514653257,1.6386589501276896
80676,39633207171220898,1,105.95003759860992,1.4990420549465515
80690,39632955244546134,1,967.4315223693848,1.5296291137100901
80678,39633071246410722,1,121.81557762622833,1.4779943487663065
80707,39628406333117236,1,17.17489166557789,1.6831769616501424
80677,39633014153548872,1,1341.4527173042297,4.529692308930637
80682,39628526567035268,1,248.50613659620285,1.6366682490065982
80678,39633057191299602,1,1132.180657863617,1.628953666926838
80607,39633351648215289,1,2064.2148842811584,1.5334545068479408
80707,39628433235381134,1,7558.115576066077,2.6457177157764757
80705,39627811970878200,1,7160.362217731774,1.8273968696147493
80678,39633047716368312,1,29.688532024621964,1.6576349470881693
80678,39633057170327552,1,248.24381399154663,1.5650215204779057
80607,39633328109784842,1,18.761640064418316,1.6795231400315203
80690,39632955240351091,1,80.56207603216171,1.6753851656917826
80682,39632960114134868,1,229.8386640548706,5.909811426682493
80677,39633009309126266,1,6875.583665378392,2.067483744221789
80677,39633004431152665,1,148.35651683807373,1.4981543652531701
80677,39632994616478930,1,34153.588199056685,1.7639357459852296
80690,39628526734807153,1,73.93488021194935,1.5437849611169052
80682,39632955089355526,1,641.1884489059448,1.6801837537027473
80677,39632989683979372,1,2566.736431956291,1.698487496225545
80676,39633219380841372,1,17.824562713503838,1.679641417977572
80678,39633071229633535,1,18.7389939725399,1.6050865008399449
80682,39632960114134470,1,253.81588107347488,1.5136887984293654
80679,39633094453496102,1,68336.01605051756,1.5239486532313713
80610,39627835547063109,1,109.21287789940834,1.6517856623279876
80684,39628203316219924,1,444.7025715112686,4.9698565247639115
80684,39628214879912213,1,70.09507465362549,1.6511706143576572
80694,39633565809378298,1,51.415164560079575,1.6737472345352267
80678,39633066586539926,1,155.99218507111073,1.677120094744511
80680,39633139298995645,1,304201.0879852772,3.7978855604974315
80684,39628209121134631,1,21289.07183010131,1.8865637525870813
80676,39633198937805554,1,52.825450491160154,1.6857456903229966
80607,39633351644023960,1,77.31850552558899,1.565978509075938
80678,39633080528404873,1,2254.4911193847656,1.5401884259980088
80684,39628254948100530,1,2641.430357712321,1.746972309813625
80680,39633148077675080,1,534.0384264141321,1.4224340734254757
80676,39633215345920728,1,49.938514709472656,1.6445762652329214
80676,39633207150250710,1,81.21861231327057,1.5639135763759653
80607,39633348338909931,1,72.9416309595108,1.52335205714664
80610,39627865775407811,1,968.1309393523406,1.6978828086448678
80680,39633165395952541,1,467.4283573627472,1.5702448252535077
80684,39628254956492938,1,11665.31802392006,1.8434289389592147
80690,39632950186217012,1,20.743214070796967,1.6989830152669534
80679,39633098983343592,1,203.87720328569412,1.63415087159593
80678,39633042968417887,1,246.4485001564026,4.98967987882832
80607,39633331523947433,1,3119.4082641601562,1.6801618358318335
80683,39628145283830017,1,5177.014332741499,1.5492664413401016
80683,39628121854447882,1,316.900533080101,1.612563890676562
80682,39632950039414726,1,75.14587549865246,1.690869007946869
80683,39628186018910779,1,30.755926251411438,1.6467258590853804
80676,39633211277444956,1,42.892701238393784,1.6411382928044211
80680,39633186585579476,1,307.4823545217514,1.6838772715438681
80684,39628197570024069,1,44.77799843251705,1.5635913601444382
80711,39633259990092687,1,7070.692154079676,1.7592685539289035
80676,39633227429711688,1,58.63242864608765,1.5669598547516785
80678,39633033443150976,1,274827.7567367554,4.190876581114687
80676,39633207146058549,1,1181.7915260195732,1.53366094605654
80678,39633033434763159,1,35.7236812710762,1.6566304795681837
80690,39632950169437364,1,6358.682575473562,1.9803750243668805
80684,39628243535401355,1,55.40789586305618,1.6955740696967865
